current_A,voltage_V,sigma_voltage_V
1.000000000000000062e-09,1.897064726724704553e-01,1.500000000000000031e-03
1.185080297211957862e-09,1.982169122272349759e-01,1.500000000000000031e-03
1.404415310839982463e-09,2.019813843306283996e-01,1.500000000000000031e-03
1.664344913979270641e-09,2.138977425404930133e-01,1.500000000000000031e-03
1.972382365321764837e-09,2.197468359073945221e-01,1.500000000000000031e-03
2.337431479711141332e-09,2.253426319534500843e-01,1.500000000000000031e-03
2.770043992688677242e-09,2.323091601401515438e-01,1.500000000000000031e-03
3.282724558145696460e-09,2.402335035033690558e-01,1.500000000000000031e-03
3.890292195032294962e-09,2.463805466486413687e-01,1.500000000000000031e-03
4.610308630730232432e-09,2.534505184673758738e-01,1.500000000000000031e-03
5.463585922344638661e-09,2.618794108420877675e-01,1.500000000000000031e-03
6.474788028695253118e-09,2.685834753277784870e-01,1.500000000000000031e-03
7.673143721430598387e-09,2.747291757773029364e-01,1.500000000000000031e-03
9.093291441943042649e-09,2.817126581887672843e-01,1.500000000000000031e-03
1.077628052465281296e-08,2.890990660945796931e-01,1.500000000000000031e-03
1.277075772699501566e-08,2.949545915580175093e-01,1.500000000000000031e-03
1.513437336272916228e-08,3.022888578657761394e-01,1.500000000000000031e-03
1.793544768281981294e-08,3.107365287741191140e-01,1.500000000000000031e-03
2.125494567058567080e-08,3.167387380132912766e-01,1.500000000000000031e-03
2.518881733252168551e-08,3.218937116832496503e-01,1.500000000000000031e-03
2.985077113084251299e-08,3.302607995280852915e-01,1.500000000000000031e-03
3.537556072374498299e-08,3.389834212466919516e-01,1.500000000000000031e-03
4.192288001653536598e-08,3.446721788061943292e-01,1.500000000000000031e-03
4.968197910997698212e-08,3.518199089873108587e-01,1.500000000000000031e-03
5.887713456972980686e-08,3.600284161170953512e-01,1.500000000000000031e-03
6.977413213488399055e-08,3.688254411114654241e-01,1.500000000000000031e-03
8.268794924811473647e-08,3.720417885134050806e-01,1.500000000000000031e-03
9.799185947080310664e-08,3.821570841157997944e-01,1.500000000000000031e-03
1.161282219460117518e-07,3.853130932546280363e-01,1.500000000000000031e-03
1.376212677784761132e-07,3.944440370946543095e-01,1.500000000000000031e-03
1.630922529216029252e-07,3.994508413774331412e-01,1.500000000000000031e-03
1.932774155653009886e-07,4.102559847997908626e-01,1.500000000000000031e-03
2.290492570824860083e-07,4.165034336707797991e-01,1.500000000000000031e-03
2.714417616594906772e-07,4.239829613025554722e-01,1.500000000000000031e-03
3.216802835831666465e-07,4.279720066167917447e-01,1.500000000000000031e-03
3.812169660759660182e-07,4.373511427657881812e-01,1.500000000000000031e-03
4.517727154595476439e-07,4.425698805682068415e-01,1.500000000000000031e-03
5.353869439090540298e-07,4.496865046875133665e-01,1.500000000000000031e-03
6.344765186111435585e-07,4.581566700720746677e-01,1.500000000000000031e-03
7.519056212497038419e-07,4.657363340513729355e-01,1.500000000000000031e-03
8.910685371059408836e-07,4.717524040250730133e-01,1.500000000000000031e-03
1.055987766789733091e-06,4.775284521586338760e-01,1.500000000000000031e-03
1.251430296519368619e-06,4.842565310754166075e-01,1.500000000000000031e-03
1.483045387739221989e-06,4.946867448586099725e-01,1.500000000000000031e-03
1.757527868880820441e-06,5.004364240477165993e-01,1.500000000000000031e-03
2.082811649211581631e-06,5.076505937572347582e-01,1.500000000000000031e-03
2.468299048284189382e-06,5.168720374959717700e-01,1.500000000000000031e-03
2.925132569748625973e-06,5.193991758626623767e-01,1.500000000000000031e-03
3.466516975142080069e-06,5.314887488286734740e-01,1.500000000000000031e-03
4.108100967191673722e-06,5.394030206237380165e-01,1.500000000000000031e-03
4.868429515176250053e-06,5.441319710293001100e-01,1.500000000000000031e-03
5.769479896800538790e-06,5.499734101367099726e-01,1.500000000000000031e-03
6.837296950858798983e-06,5.547662523031513526e-01,1.500000000000000031e-03
8.102745902650158148e-06,5.642839384814578585e-01,1.500000000000000031e-03
9.602404522545623740e-06,5.691595691442019600e-01,1.500000000000000031e-03
1.137962040552781807e-05,5.768239175427219978e-01,1.500000000000000031e-03
1.348576393234216631e-05,5.834551760097411721e-01,1.500000000000000031e-03
1.598171312907039130e-05,5.913529526738958708e-01,1.500000000000000031e-03
1.893961334495498732e-05,5.998980167788591222e-01,1.500000000000000031e-03
2.244496261191882263e-05,6.041739544619544322e-01,1.500000000000000031e-03
2.659908296304403823e-05,6.105738995294710536e-01,1.500000000000000031e-03
3.152204914340975386e-05,6.175960898620903583e-01,1.500000000000000031e-03
3.735615936760205448e-05,6.247011842081955368e-01,1.500000000000000031e-03
4.427004844605511162e-05,6.310654204469617889e-01,1.500000000000000031e-03
5.246356217003876707e-05,6.389075469271788821e-01,1.500000000000000031e-03
6.217353384926756980e-05,6.492893020989594088e-01,1.500000000000000031e-03
7.368062997280773788e-05,6.535408771709511067e-01,1.500000000000000031e-03
8.731746286693946985e-05,6.619085969053825069e-01,1.500000000000000031e-03
1.034782048461467194e-04,6.668023044470137162e-01,1.500000000000000031e-03
1.226299817540314177e-04,6.760017865337770715e-01,1.500000000000000031e-03
1.453263752241645216e-04,6.802735269392193862e-01,1.500000000000000031e-03
1.722234239433894211e-04,6.889949570723968852e-01,1.500000000000000031e-03
2.040985864336933775e-04,7.006081817541883749e-01,1.500000000000000031e-03
2.418732134713818269e-04,7.035646986532271274e-01,1.500000000000000031e-03
2.866391797082765169e-04,7.133668543394028339e-01,1.500000000000000031e-03
3.396904442812761788e-04,7.196586340540124249e-01,1.500000000000000031e-03
4.025604526689167766e-04,7.260848310597782795e-01,1.500000000000000031e-03
4.770664608946602217e-04,7.327325863818333618e-01,1.500000000000000031e-03
5.653620632669019430e-04,7.431064955953803342e-01,1.500000000000000031e-03
6.699994419687059976e-04,7.484571500954206869e-01,1.500000000000000031e-03
7.940031378201200564e-04,7.586582873922901316e-01,1.500000000000000031e-03
9.409574745550950596e-04,7.630472107397241466e-01,1.500000000000000031e-03
1.115110163609565235e-03,7.721065081499394189e-01,1.500000000000000031e-03
1.321495084114501393e-03,7.807745799111496243e-01,1.500000000000000031e-03
1.566077787046554586e-03,7.888828919538003470e-01,1.500000000000000031e-03
1.855927929330176236e-03,7.949456071041710592e-01,1.500000000000000031e-03
2.199423622094578805e-03,8.045416007098122879e-01,1.500000000000000031e-03
2.606493599766844787e-03,8.143029813549350626e-01,1.500000000000000031e-03
3.088904209892758511e-03,8.227523627443606991e-01,1.500000000000000031e-03
3.660599519118985703e-03,8.349312829044022166e-01,1.500000000000000031e-03
4.338104366091478058e-03,8.452087552378527713e-01,1.500000000000000031e-03
5.141002011504180839e-03,8.524294950042368146e-01,1.500000000000000031e-03
6.092500191760647985e-03,8.644386384748282692e-01,1.500000000000000031e-03
7.220101938015619641e-03,8.778860903946975602e-01,1.500000000000000031e-03
8.556400550604201585e-03,8.936897246666599681e-01,1.500000000000000031e-03
1.014002170757458653e-02,9.115056069513178816e-01,1.500000000000000031e-03
1.201673993894819548e-02,9.242898116385722673e-01,1.500000000000000031e-03
1.424080173836753289e-02,9.433835381383367524e-01,1.500000000000000031e-03
1.687649355664116307e-02,9.616152608504818788e-01,1.500000000000000031e-03
2.000000000000000042e-02,9.842811133044593319e-01,1.500000000000000031e-03
